county,place,lat,lon
Adams,Adams County Auditor's Office,47.1273,-118.382
Adams,Adams County Public Services Building Drop Box,46.82681454,-119.1691177
Adams,Ritzville City Hall,47.12831711,-118.378471
Adams,Town of Lind - Town Clerk,46.97203634,-118.6165847
Adams,Town of Washtucna City Hall,46.75216825,-118.3143685
Asotin,Anatone County Shop,46.1356353926611,-117.131736890445
Asotin,Asotin County Courthouse Drop Box,46.34051825,-117.0534561
Asotin,Clarkston City Hall,46.41370703,-117.0436376
Asotin,Lincoln Middle School,46.39126555,-117.08124
Benton,Badger Mt Community Park,46.2346177,-119.2790898
Benton,Benton City City Hall,46.263932,-119.490154
Benton,Benton County Campus,46.223356,-119.218338
Benton,Finley Middle School,46.153889983996,-119.034084488238
Benton,Jefferson Park,46.2899,-119.274
Benton,Kennewick City Hall,46.203163,-119.118682
Benton,Prosser Auditor Office,46.2036,-119.771
Benton,Southridge Sports Complex,46.180283,-119.187683
Benton,West Richland City Hall,46.272741,-119.370993
Benton,West Richland Library,46.296514,-119.338011
Benton,WSU Tri-Cities,46.332656,-119.265358
Chelan,Cashmere City Hall,47.5212,-120.468
Chelan,Chelan City Hall,47.8413,-120.018
Chelan,Chelan County Auditor - Licensing and Recording Dept,47.4221,-120.315
Chelan,Entiat City Hall,47.6759,-120.209
Chelan,Leavenworth City Hall,47.5955,-120.664
Chelan,Manson Public Library,47.886053,-120.162137
Chelan,Wenatchee Public Library,47.4233,-120.314
Clallam,CB - Clallam Bay Drop Box,48.2516941,-124.2605305
Clallam,CV - Carlsborg Ballot Drop Box,48.0795102831133,-123.167605046506
Clallam,FW - Forks Drop Box,47.9498807959127,-124.379233817877
Clallam,NB - Neah Bay Drop Box,48.3655329911804,-124.607761808537
Clallam,PO - Port Angeles - Inside the Courthouse,48.1159,-123.433
Clallam,PV - Port Angeles - Drive-Thru Drop Box,48.115219677325,-123.432597670467
Clallam,PW - Port Angeles - Walk-up Drop Box,48.115284143792,-123.432442102349
Clallam,SB - Sekiu Ballot Drop Box,48.262416709354,-124.307346611204
Clallam,SV - Sequim Drop Box,48.0786981872129,-123.117270904877
Clark,14th & Esther Streets,45.6318,-122.676
Clark,Amboy Middle School,45.9133185,-122.4453191
Clark,Battle Ground Post Office,45.7810963182774,-122.542641425716
Clark,Brush Prairie USPS,45.7309851,-122.5514815
Clark,Camas Post Office Downtown,45.5867,-122.404
Clark,Camas-Washougal Municipal Court,45.5810753,-122.383089
Clark,Cascade Park USPS,45.623239,-122.5353031
Clark,Clark College,45.635986,-122.65255
Clark,Clark Public Utilities Operations Center,45.6846439,-122.5556213
Clark,Fisher's Landing Transit Center,45.5945,-122.505
Clark,Hazel Dell - 99th Street C-Tran Transit Center,45.6918,-122.664
Clark,Hockinson Community Center,45.7392355,-122.4876325
Clark,La Center,45.8630262,-122.6609602
Clark,Pioneer Elementary School - Frontier Middle School,45.6763741,-122.5010951
Clark,Ridgefield Junction Park and Ride,45.8177026609902,-122.682893283215
Clark,Ridgefield School District Administrative Office,45.8158895929165,-122.741660405937
Clark,Shahala Middle School,45.6177785378199,-122.474275878899
Clark,Thomas Jefferson Middle School,45.7078764,-122.7041342
Clark,Vancouver Mall,45.6565,-122.584
Clark,Washougal Library,45.5793626311492,-122.354100455225
Clark,WSU Vancouver,45.728331,-122.637638
Clark,Yacolt Primary School,45.866945,-122.411381
Columbia,Columbia County Office Building Alley,46.319261,-117.982179
Columbia,Starbuck City Hall,46.5193,-118.128
Cowlitz,Broadway Street (Ballot Drop Box),46.1391,-122.938
Cowlitz,Castle Rock (Ballot Drop Box),46.2751,-122.91
Cowlitz,Kalama (Ballot Drop Box),46.0113,-122.846
Cowlitz,Kelso Bridge Market Ln,46.1451,-122.91
Cowlitz,Kelso North Entrance,46.146084,-122.909343
Cowlitz,Longview Civic Center Circle (Ballot Drop Box),46.1393,-122.938
Cowlitz,Ryderwood (Ballot Drop Box),46.3734,-123.043
Cowlitz,Woodland City Parking Lot (Ballot Drop Box),45.9012,-122.749
Douglas,Bridgeport City Hall Drop Box,48.0097,-119.674
Douglas,Coulee Dam Town Hall,47.9637,-118.989
Douglas,Douglas County Courthouse Drop Box,47.6463,-120.069
Douglas,East Wenatchee City Hall,47.4174,-120.29
Douglas,Mansfield City Hall Drop Box,47.8116,-119.637
Douglas,Office of Public Defense,47.4077829708692,-120.286791408034
Douglas,Rock Island City Hall Drop Box,47.3754,-120.144
Ferry,Curlew Drop Box - Curlew Fire Station,48.8853,-118.609
Ferry,Danville Drop Box - Danville Outpost,48.9935,-118.507
Ferry,Inchelium  Drop Box  - Lake Roosevelt Community Health,48.296817,-118.204002
Ferry,Keller Drop Box - Sanpoil Community Health,48.0776094690128,-118.685602837064
Ferry,Orient Drop Box-Orient Fire Station,48.8659883950381,-118.201305542744
Ferry,Republic City Hall,48.6441,-118.737
Franklin,Connell PUD Shop,46.66339,-118.86769
Franklin,Fire District No 2,46.64321137,-118.5581582
Franklin,Fire District No 3,46.24744,-119.2016
Franklin,Franklin County Annex - Elections Center,46.23177,-119.09107
Franklin,Franklin County Courthouse Drop Box,46.23742,-119.09571
Franklin,Mesa City Hall,46.57835,-119.00563
Franklin,The HAPO Center (TRAC),46.26913,-119.17678
Garfield,Garfield County Drop Box,46.47491,-117.599953
Grant,Coulee City City Hall,47.610988,-119.294259
Grant,Electric City City Hall,47.93150158,-119.0388165
Grant,George City Hall,47.080272,-119.855371
Grant,Grand Coulee,47.9373635910412,-119.007532389784
Grant,Grant County Courthouse,47.322241,-119.553089
Grant,Hartline,47.68852248,-119.1088328
Grant,Krupp,47.408245,-118.984332
Grant,Mattawa Hospital,46.737683,-119.904502
Grant,Moses Lake City Hall,47.1313,-119.274
Grant,Quincy Public Library,47.2356,-119.853
Grant,Royal City,46.899912,-119.628322
Grant,Soap Lake  City Hall,47.387094,-119.485769
Grant,Warden Community Center,46.970709,-119.041533
Grant,Wilson Creek,47.421862,-119.125903
Grays Harbor,Aberdeen Tesla Parking Lot,46.976516,-123.81421
Grays Harbor,Cosmopolis City Hall,46.954931,-123.770023
Grays Harbor,Elma City Hall,47.0049,-123.403
Grays Harbor,Hoquiam YMCA,46.9752,-123.868
Grays Harbor,McCleary Area,47.054489,-123.26509
Grays Harbor,Montesano Drop Box,46.9816,-123.602
Grays Harbor,Oakville City Hall,46.8397,-123.233
Grays Harbor,Ocean Shores Police Department Station,47.0009750620983,-124.161107573974
Grays Harbor,Taholah,47.338918,-124.286532
Grays Harbor,Westport City Administration,46.8916,-124.104
Island,Camano Island Annex,48.214903,-122.478282
Island,Island County Auditor's,48.21655,-122.68653
Island,Ken's Korner Red Apple Grocery,47.991044,-122.39533
Island,Langley Post Office,48.039791,-122.406781
Island,Oak Harbor City Hall,48.29058,-122.64708
Island,Trinity Lutheran Church,48.008917,-122.534852
Jefferson,Brinnon Community Center,47.69798,-122.89704
Jefferson,Hoh Indian Nation,47.740727,-124.412578
Jefferson,Jefferson County Courthouse - Back Parking Lot,48.11231,-122.76785
Jefferson,Jefferson County Courthouse Entrance,48.1122,-122.76748
Jefferson,Jefferson County Library,48.03273,-122.77285
Jefferson,"Nordland, East Jefferson Fire & Rescue Station 12",48.04363,-122.69161
Jefferson,Olympic Peninsula Gateway Visitor Center,47.89133,-122.73187
Jefferson,Quilcene Community Center,47.82165,-122.87918
Jefferson,Quinault Indian Nation (Queets),47.53914,-124.33267
King,12th & Cherry,47.607981,-122.316133
King,Alaska Junction,47.561067,-122.387843
King,Algona Pacific Library,47.2716822,-122.2540566
King,Angle Lake Transit Station,47.423046,-122.298014
King,Auburn Library,47.2985166,-122.2176449
King,Auburn Park & Ride,47.321171,-122.226406
King,Ballard Branch Library,47.669987,-122.384662
King,Beacon Hill Library,47.577831,-122.311878
King,Bellevue College,47.583722,-121.361669
King,Bellevue Library,47.620411,-122.193866
King,Black Diamond Library,47.3117372,-122.0126544
King,Bothell Library,47.76045,-122.21063
King,Boulevard Park Library,47.495338,-122.307668
King,Broadview Library,47.723081,-122.356288
King,Burien Town Square Park,47.4669323,-122.3402963
King,Carnation Library,47.65047,-121.91217
King,Covington Library,47.3590652,-122.1221107
King,Crossroads Shopping Center,47.6177762,-122.1301479
King,Duvall Police Department Depot Park,47.7400194,-121.9874534
King,Enumclaw Library,47.203416,-121.9876613
King,Fairwood Library,47.450586,-122.154817
King,Fall City Library,47.568585,-121.893767
King,Federal Way 320th Library,47.315742,-122.320815
King,Federal Way City Hall,47.304139,-122.325417
King,Garfield Community Center,47.607722,-122.301638
King,Green Lake Community Center,47.6803224,-122.3283008
King,High Point Library,47.548219,-122.375616
King,Highline College,47.386773,-122.299821
King,Hobart Food Market,47.419941,-121.972918
King,Issaquah City Hall,47.530273,-122.034602
King,Kenmore City Hall,47.760387,-122.249449
King,Kent Panther Lake Library,47.418185,-122.19676
King,Kent YMCA,47.379795,-122.196093
King,King County Elections,47.468201,-122.2311
King,King Street Box,47.59858,-122.33144
King,Kingsgate Library,47.729672,-122.176588
King,Kirkland City Hall,47.677646,-122.206891
King,Lake City Library,47.720063,-122.297834
King,Lake Forest Park City Hall,47.753813,-122.277738
King,Magnolia Park,47.6347516,-122.397849
King,Magnuson Park Building 406,47.682721,-122.260199
King,Mercer Island Community & Event Center,47.589254,-122.228125
King,Metropolitan Market Queen Anne,47.62471903,-122.3553309
King,Morgan Junction Park,47.54576,-122.38734
King,Muckleshoot Community Center,47.25068,-122.11093
King,Newcastle City Hall,47.5384258,-122.1687127
King,NewHolly Neighborhood Campus,47.539313,-122.290171
King,Newport Way Library,47.570539,-122.148679
King,Normandy Park Towne Center,47.423995,-122.336956
King,North Bellevue Community Center,47.647,-122.14386
King,North Bend Library,47.496583,-121.782654
King,North Seattle College,47.6981063,-122.3343388
King,Northgate Library,47.706216,-122.323055
King,Powell Avenue,47.472475,-122.231602
King,Rainier Beach Community Center,47.524889,-122.270284
King,Rainier Community Center,47.561541,-122.284799
King,Redmond City Hall,47.6790394,-122.1302301
King,Redmond Community Center at Marymoor Village,47.664578,-122.106688
King,Redmond Ridge Park & Ride,47.6855360814668,-122.033280450713
King,Regional Justice Center,47.385257,-122.239009
King,Renton Public Health Center,47.4948518,-122.1753411
King,Safeway Crown Hill,47.688833,-122.37565
King,Safeway Kent Kangley,47.3569486,-122.1671593
King,Safeway Star Lake,47.343245,-122.30025
King,Sammamish City Hall,47.6013149,-122.0361818
King,Seattle Central College,47.617459,-122.321014
King,Seattle Central Library,47.6065,-122.33308
King,Seattle Pacific University Bookstore,47.650732,-122.361565
King,Shoreline Library,47.7554178,-122.3250106
King,Shoreline Park & Ride,47.767488,-122.346688
King,Skykomish Community Center,47.70922,-121.361669
King,Skyway Library,47.490746,-122.238521
King,Snoqualmie Library,47.5298964,-121.8724101
King,South Lake Union,47.621351,-122.337096
King,South Park Library,47.526183,-122.322811
King,South Sammamish Park & Ride,47.58229,-122.03659
King,South Seattle College,47.5477292,-122.3538902
King,Steve Cox Memorial Park,47.511832,-122.352158
King,Tahoma School District Building,47.371355,-122.02169
King,Tukwila Community Center,47.491522,-122.278194
King,Tukwila Justice Center,47.4687032166131,-122.287445896694
King,University of Washington Bothell Campus,47.75998,-122.19056
King,University of Washington Campus Schmitz Hall,47.656771,-122.312653
King,Uwajimaya,47.597051,-122.326481
King,Valley View Library,47.4431028,-122.2736096
King,Vashon Library,47.4507722,-122.4597488
King,Waterway 19 Park,47.646852,-122.333499
King,Woodinville City Hall,47.75289,-122.162596
King,Woodinville Library,47.751809,-122.081977
Kitsap,Bainbridge Island School District,47.6384705116944,-122.521977339498
Kitsap,Bremerton - KRL Sylvan Way Branch,47.595,-122.625
Kitsap,Bremerton - Norm Dicks,47.567,-122.626
Kitsap,Bremerton National Airport,47.4928190948845,-122.766626554301
Kitsap,Burley Store,47.4126,-122.628
Kitsap,Hansville - Buck Lake County Park,47.9098140031499,-122.555063612028
Kitsap,Indianola Tennis Courts,47.751,-122.524
Kitsap,Keyport - Central Park,47.7031,-122.624
Kitsap,Kingston - Village Green Park,47.7985,-122.503
Kitsap,Manchester - Stormwater Park,47.5556,-122.545
Kitsap,Marvin Williams Rec Center,47.568871,-122.631505
Kitsap,Naval Base Kitsap Bangor,47.6902,-122.704
Kitsap,Naval Base Kitsap Bremerton,47.562634,-122.650888
Kitsap,North Kitsap Fire & Rescue,47.8046,-122.54
Kitsap,Olalla Bay Market & Landing,47.421897,-122.541627
Kitsap,Port Gamble S'Klallam Tribal Center,47.851915,-122.569502
Kitsap,Poulsbo Fire Station,47.7413,-122.638
Kitsap,Seabeck - Green Mountain Elementary,47.5984,-122.82
Kitsap,Silverdale - Sheriff's Office,47.6517816010444,-122.695180314496
Kitsap,Silverdale Way - Gateway Park,47.6680080016548,-122.681473219834
Kitsap,South Kitsap Fire Station 17,47.4877,-122.666
Kitsap,South Kitsap Fire Station 8,47.5312,-122.599
Kitsap,Southworth - Ferry Terminal,47.5118,-122.497
Kitsap,Suquamish - Tribal Council Building,47.7288,-122.559
Kitsap,Tracyton - Elks Lodge 1181,47.6036,-122.643
Kitsap,West Side Improvement Club,47.554,-122.669
Kittitas,Central Washington University - SURC - DROP BOX ONLY,47.003069,-120.536786
Kittitas,City of Kittitas - DROP BOX ONLY,46.9846,-120.418
Kittitas,Courthouse - Drive Up Drop Box,46.9965,-120.549
Kittitas,Easton Fire Station - DROP BOX ONLY,47.233753,-121.176343
Kittitas,Kittitas County Auditor's Office Drop Box,46.9965,-120.549
Kittitas,Ronald Fire Station - DROP BOX ONLY,47.234461,-121.02202
Kittitas,Roslyn Library - DROP BOX ONLY,47.22195,-120.99214
Kittitas,South Cle Elum Town Hall - DROP BOX ONLY,47.1857,-120.949
Kittitas,Thorp Fire District No 1 - DROP BOX ONLY,47.0695,-120.674
Kittitas,Upper County District Court - DROP BOX ONLY,47.193277,-120.926233
Klickitat,Bickleton Remote Ballot Box,45.9977,-120.3
Klickitat,Bingen Remote Drop Box,45.7157,-121.467
Klickitat,Centerville Drop Box,45.7518332,-120.9052225
Klickitat,Dallesport Remote Ballot Box,45.6177,-121.177
Klickitat,Glenwood Remote Ballot Box,46.0186,-121.29
Klickitat,Goldendale Remote Ballot Box,45.82129,-120.82487
Klickitat,Klickitat Remote Ballot Box,45.81686,-121.152182
Klickitat,Lyle Remote Ballot Box,45.6938,-121.285
Klickitat,Roosevelt Remote Ballot Box,45.7409,-120.219
Klickitat,Trout Lake Remote Ballot Box,45.9969,-121.529
Klickitat,White Salmon Remote Ballot Box,45.7298,-121.481
Klickitat,Wishram Remote Ballot Box,45.6583,-120.966
Lewis,Centralia College Drop Box,46.7167030265062,-122.960289277025
Lewis,Courthouse Drive-up Drop Box,46.66247,-122.97097
Lewis,Lewis County Historic Courthouse Drop Box,46.661766,-122.969472
Lewis,Mineral Drop Box,46.717772,-122.18174
Lewis,Morton Drop Box,46.553724,-122.272769
Lewis,Mossyrock Drop Box,46.528597,-122.482906
Lewis,Napavine Drop Box,46.575229,-122.908049
Lewis,Onalaska Drop Box,46.581115,-122.719828
Lewis,Packwood Drop Box,46.601784,-121.675739
Lewis,Pe Ell Drop Box,46.576416,-123.295706
Lewis,Toledo Drop Box,46.440058,-122.84537
Lewis,Twin Cities Senior Center Drop Box,46.6907,-122.959032
Lewis,Vader Drop Box,46.4021081622442,-122.959610035065
Lewis,Winlock Drop Box,46.489824,-122.939001
Lincoln,Auditor's Lobby Ballot Box,47.65549,-118.14798
Lincoln,Harrington City Library,47.48023,-118.25483
Lincoln,Lincoln County Court House,47.65523,-118.14745
Mason,Allyn,47.3847886107869,-122.828196023358
Mason,Auditor Alley,47.21603,-123.1052
Mason,Belfair,47.4602731934426,-122.826987890784
Mason,Building 1,47.2157959610312,-123.104542601297
Mason,Dayton,47.2277959,-123.228635
Mason,Grapeview,47.328257,-122.836016
Mason,Hoodsport,47.406516,-123.142893
Mason,Kamilche,47.127307,-123.093917
Mason,Matlock,47.2001415,-123.432965
Mason,Skokomish,47.3381804911136,-123.160227090374
Mason,Union,47.346816,-123.091772
Mason,YMCA,47.2331781953812,-123.118144230645
Okanogan,Brewster,48.09857,-119.779102263528
Okanogan,Coulee Dam,47.96362,-118.98836
Okanogan,Nespelem Agency,48.13364,-118.97457
Okanogan,Okanogan County Auditor's Office Drop Box,48.36557,-119.58096
Okanogan,Omak Casino,48.38142,-119.53128
Okanogan,Omak Police Station,48.4114,-119.52966
Okanogan,Oroville,48.93544,-119.43657
Okanogan,Pateros,48.05277,-119.90168
Okanogan,Riverside,48.50251,-119.50636
Okanogan,Tonasket,48.7058030262974,-119.437992842039
Okanogan,Twisp,48.36446,-120.12103
Okanogan,Winthrop,48.471499,-120.180813
Pacific,Bay Center,46.632398,-123.955394
Pacific,Chinook Community Center,46.276949,-123.948697
Pacific,Ilwaco,46.30729,-124.03711
Pacific,Lebam,46.5602340481925,-123.553332420526
Pacific,Long Beach Annex Drop Box,46.3546,-124.031
Pacific,Menlo,46.623191,-123.649281
Pacific,Naselle,46.376855,-123.798695
Pacific,Ocean Park,46.45848,-124.052005
Pacific,Pacific County Courthouse Drop Box,46.6621,-123.81
Pacific,Raymond,46.6857,-123.734
Pacific,Tokeland,46.721337,-124.015517
Pend Oreille,Camas Center for Community Wellness,48.34402,-117.272874
Pend Oreille,Cusick Town Hall,48.3365154840476,-117.294582957416
Pend Oreille,Ione Public Library,48.7411,-117.419
Pend Oreille,Metaline Falls Town Hall,48.862438671541,-117.370921301557
Pend Oreille,Metaline Town Hall,48.848544,-117.391965
Pend Oreille,Pend Oreille County Court House Drop Box,48.1781,-117.047
Pend Oreille,South Pend Oreille Fire & Rescue Station,48.1766683893269,-117.301767425699
Pierce,72nd St Transit Center,47.1925437,-122.4113141
Pierce,Anderson Island Ferry Landing Park & Ride,47.177142,-122.680123
Pierce,Ashford County Park,46.760301,-122.039969
Pierce,Barneys Corner,46.8888342,-122.3018157
Pierce,Benston Hall Community Center,46.980114,-122.324947
Pierce,Bonney Lake Park & Ride,47.173792,-122.1858205
Pierce,Bonney Lake Public Safety Building,47.1778817,-122.1834424
Pierce,Buckley Library,47.1625403,-122.0295627
Pierce,Carbonado Town Hall,47.079441,-122.0530022
Pierce,Central Pierce F&R Station 40,47.0952888,-122.2002887
Pierce,Central Pierce F&R Station 91,47.0859527,-122.2961878
Pierce,Community Health Care at Salishan,47.2163716,-122.4054415
Pierce,Dieringer Heights Elementary,47.22682,-122.13829
Pierce,DuPont Ross Plaza,47.0913929,-122.6425265
Pierce,Eatonville Town Hall,46.8671517,-122.2682338
Pierce,Edgewood City Hall,47.2363815,-122.2912942
Pierce,Elbe,46.7660186,-122.1934644
Pierce,Fife City Hall,47.237005,-122.356159
Pierce,Fircrest City Hall,47.2322518,-122.5057318
Pierce,Gig Harbor City Hall,47.3226717,-122.5854743
Pierce,Gig Harbor Library,47.2990905,-122.5805332
Pierce,Graham Library,47.0527601,-122.3079155
Pierce,Hilltop,47.2536702,-122.4536373
Pierce,Home Park,47.2773824,-122.7665727
Pierce,Kandle Park Police Substation,47.2701533,-122.5081427
Pierce,Key Center Food Market,47.339685,-122.7456068
Pierce,Lake Kathryn Food Market,47.3875865,-122.6610683
Pierce,Lakeland Hills Elementary School,47.253151,-122.216624
Pierce,Lakewood City Hall,47.161171,-122.515893
Pierce,Milton City Hall,47.2494357,-122.3209814
Pierce,NE Tacoma Police Substation,47.3003345,-122.4062578
Pierce,Nichols Community Center,47.2536366,-122.6211535
Pierce,Parkland Spanaway Library,47.1322294,-122.4354472
Pierce,Pierce County Annex (parking lot),47.2284747,-122.4664743
Pierce,Pierce County Soundview Bldg,47.226095,-122.435331
Pierce,Purdy Park & Ride,47.3892252,-122.6256871
Pierce,Puyallup Library,47.1892693,-122.2958561
Pierce,Roy City Hall,47.002837,-122.5432021
Pierce,Roy Y Park & Ride,47.0827979,-122.4345013
Pierce,Ruston,47.2978222,-122.5136451
Pierce,Skookum Archers,47.154683,-122.2562631
Pierce,South Hill Library,47.1160327,-122.294333
Pierce,South Hill Park & Ride,47.1606356,-122.3055649
Pierce,South Pierce Fire Station 173,46.98841,-122.442784
Pierce,South Prairie Fire Department,47.1396063,-122.094076
Pierce,Sprinker Recreation Center Drop Box,47.12119,-122.43938
Pierce,STAR Center,47.197822,-122.489617
Pierce,Steilacoom Library,47.1764919,-122.5788217
Pierce,Summit Library,47.1549798,-122.3604945
Pierce,Sumner Library,47.204926,-122.244065
Pierce,TACID,47.243448,-122.5221
Pierce,Tillicum Community Center,47.1235056,-122.5540998
Pierce,UW Tacoma,47.2448444,-122.4368417
Pierce,Wapato Park (S 72nd St & S Ainsworth Ave),47.1922285,-122.4554219
Pierce,West Pierce Fire & Rescue,47.2250723,-122.5352443
Pierce,Wheelock Library,47.270973,-122.4866537
Pierce,Wilkeson Town Hall,47.1041425,-122.0459708
San Juan,Lopez Island Fire District Office,48.52175,-122.91033
San Juan,Orcas Senior Center,48.702337,-122.90681
San Juan,San Juan County Courthouse,48.535721,-123.019116
Skagit,Anacortes - Library,48.51473,-122.61654
Skagit,Anacortes - Skyline,48.4955,-122.685
Skagit,Bow-Edison,48.56261,-122.43741
Skagit,Burlington,48.4755,-122.323
Skagit,Clear Lake,48.4580957418338,-122.233933053924
Skagit,Concrete,48.5389,-121.75
Skagit,Conway,48.34061,-122.3467
Skagit,Hamilton,48.53097,-122.00533
Skagit,La Conner,48.3922,-122.49
Skagit,Mt Vernon - Continental,48.43718,-122.32592
Skagit,Mt Vernon - Courthouse,48.4182,-122.337
Skagit,Sauk-Suiattle,48.3198,-121.5537
Skagit,Sedro-Woolley,48.5045,-122.24
Skagit,Swinomish,48.393,-122.501
Skamania,Canyon Creek Middle School (parking lot),45.6097,-122.234
Skamania,Carson Transit Station (near Wind River Market),45.7437,-121.822
Skamania,North Bonneville Central Business District (near city hall),45.6384,-121.976
Skamania,"Skamania County Court House (north side, near door)",45.6952,-121.882
Skamania,The Little Church in the Valley (parking lot),45.8072,-121.914
Skamania,Underwood Community Center (parking lot),45.738,-121.538
Snohomish,Arlington,48.193361,-122.118703
Snohomish,Auditor Office Drop Box,47.977008,-122.205374
Snohomish,Bothell,47.790512,-122.215324
Snohomish,Brier,47.792427,-122.271982
Snohomish,Darrington,48.254431,-121.604079
Snohomish,Edmonds,47.810291,-122.37255
Snohomish,Everett - Courthouse Campus,47.977816,-122.205784
Snohomish,Everett - McCollum Park & Ride,47.881494,-122.222966
Snohomish,Everett Community College,48.004153,-122.196944
Snohomish,Everett Mall,47.910344,-122.2162
Snohomish,Evergreen Branch,47.912059,-122.237915
Snohomish,Gold Bar,47.855683,-121.696836
Snohomish,Granite Falls,48.082689,-121.959405
Snohomish,Index,47.82033,-121.553849
Snohomish,Lake Stevens - Boat Launch,48.013182,-122.064873
Snohomish,Lakewood,48.149104,-122.207655
Snohomish,Lynnwood - Ash Way,47.852855,-122.257972
Snohomish,Lynnwood - City Hall,47.824966,-122.293515
Snohomish,Lynnwood - Edmonds College,47.814782,-122.326054
Snohomish,Maltby Elementary School,47.804763,-122.101476
Snohomish,Marysville - Ash Ave Park & Ride,48.055226,-122.184131
Snohomish,Marysville - Grove Elementary School,48.06409,-122.14304
Snohomish,Marysville - State Ave & 116th,48.099031,-122.174581
Snohomish,Mill Creek,47.853367,-122.219592
Snohomish,Monroe Library,47.848863,-121.983813
Snohomish,Mountlake Terrace,47.787524,-122.31207
Snohomish,Mukilteo,47.905683,-122.29663
Snohomish,Silvana,48.202401,-122.256268
Snohomish,Smokey Point,48.1514,-122.186907
Snohomish,Snohomish - Centennial Middle School,47.968439,-122.066625
Snohomish,Snohomish - Glacier Peak High School,47.866382,-122.133756
Snohomish,Snohomish - Library,47.91555,-122.088141
Snohomish,Stanwood,48.242726,-122.362958
Snohomish,Startup,47.868397,-121.740545
Snohomish,Sultan,47.862399,-121.817341
Snohomish,Tulalip,48.055471,-122.273115
Snohomish,Woodinville,47.782294,-122.158451
Snohomish,Woodway,47.781813,-122.384859
Spokane,Airway Heights Library,47.644468,-117.592912
Spokane,Argonne Library,47.69656,-117.282002
Spokane,CenterPlace,47.679648,-117.222963
Spokane,Central Library,47.659196,-117.425074
Spokane,Cheney Library,47.488684,-117.574113
Spokane,Deer Park Library,47.951818,-117.461156
Spokane,Election Office Drive Up,47.667128,-117.427884
Spokane,Elections Office Walk Up,47.66635,-117.4281
Spokane,Fairfield Library,47.385457,-117.170132
Spokane,Hillyard Library,47.695498,-117.373189
Spokane,Latah Town Hall,47.279504,-117.155236
Spokane,Liberty Lake Library,47.671834,-117.094604
Spokane,Liberty Park Library,47.652082,-117.385158
Spokane,Medical Lake Library,47.571366,-117.678796
Spokane,Millwood City Hall,47.685064,-117.282205
Spokane,Moran Prairie Library Drive Up,47.599737,-117.368658
Spokane,Moran Prairie Library Walk Up,47.59958,-117.369372
Spokane,North Spokane Library Drive Up,47.750429,-117.409032
Spokane,North Spokane Library Walk Up,47.75058,-117.408965
Spokane,Otis Orchards Library,47.699906,-117.105654
Spokane,Rockford Town Hall,47.452394,-117.132671
Spokane,Shadle Park Library,47.7005,-117.442
Spokane,South Hill Library,47.623791,-117.390485
Spokane,Spangle Town Hall,47.429008,-117.380197
Spokane,Spokane County Courthouse,47.664535,-117.428966
Spokane,Spokane Valley Library Drive Up,47.657855,-117.268816
Spokane,Spokane Valley Library Walk Up,47.657813,-117.268654
Spokane,STA Plaza Downtown Spokane,47.657568,-117.422245
Spokane,The Hive,47.656838,-117.368057
Spokane,Waverly Town Hall,47.343272,-117.227634
Stevens,City of Chewelah (back of City Hall on Webster Ave),48.2780279786676,-117.713327920144
Stevens,Fire District 1 - Loon Lake Station 2-District Office,48.0601,-117.627
Stevens,Fire District 1 - Suncrest Fire Station 8,47.815,-117.574
Stevens,Northport Town Hall,48.9169790073839,-117.781881814388
Stevens,Spokane Tribe Public Safety Building,47.8885341,-117.9908225
Stevens,Springdale Town Hall,48.0571027364335,-117.744463640474
Stevens,Stevens County Courthouse,48.5432,-117.904
Thurston,4th Ave and Quince St,47.045821,-122.889649
Thurston,Bucoda,46.799436,-122.86853
Thurston,Church of the Good Shepherd,47.015789,-122.880453
Thurston,Fire District 3 Station 34,47.047012,-122.761059
Thurston,Fire District 3 Station 35,47.087706,-122.75656
Thurston,Gloria Dei Lutheran Church,47.045218,-122.920998
Thurston,Grand Mound Center,46.798731,-123.01235
Thurston,Griffin Fire 13 Station 1,47.085354,-123.015839
Thurston,Haggen NW Fresh,47.035157,-122.939868
Thurston,Lacey City Hall,47.044818,-122.821973
Thurston,Lacey Post Office,47.035163,-122.807703
Thurston,Lackamas Elementary,46.851194,-122.488439
Thurston,Littlerock Fire 11,46.930731,-122.991384
Thurston,Martin Village,47.050385,-122.809393
Thurston,McLane Black Lake Fire Station 95,46.994238,-122.986245
Thurston,Nisqually Tribal Admin Bldg,47.003115,-122.669943
Thurston,Olympia City Hall,47.045254,-122.895249
Thurston,Rainier City Hall,46.888738,-122.690194
Thurston,Rochester Fire 1 Station 3,46.820217,-123.096629
Thurston,South Bay Fire 8 Station 81,47.08249,-122.845751
Thurston,South Bay Fire 8 Station 83,47.105168,-122.881597
Thurston,South Puget Sound Community College,47.024778,-122.929125
Thurston,Tenino School District Administration ,46.861482,-122.846952
Thurston,The Evergreen State College,47.072173,-122.977026
Thurston,Thurston County Atrium,47.0431816213795,-122.858536216001
Thurston,Thurston County Courthouse,47.029973,-122.912656
Thurston,Tumwater School Administration,47.007031,-122.911882
Thurston,Tumwater Timberland Library,46.984687,-122.913039
Thurston,Woodland Retirement and Assisted Living Community,46.997623,-122.830286
Thurston,Yelm Schools Administration,46.942227,-122.605555
Wahkiakum,Johnson Park,46.335775,-123.640033
Wahkiakum,Skamokawa Resort,46.269867,-123.454739
Wahkiakum,Wahkiakum County Auditor's Office Drop Box,46.2029,-123.384
Walla Walla,Burbank - Columbia Elementary School,46.20075,-119.01169
Walla Walla,College Place City Hall,46.04328,-118.38807
Walla Walla,Courthouse Lobby,46.0645736251096,-118.343720749315
Walla Walla,Dixie - Fire Protection District No 8,46.1397022366744,-118.157111228064
Walla Walla,Health Department Alley,46.06528,-118.344457
Walla Walla,Prescott School District,46.297338868602,-118.319958135735
Walla Walla,Touchet School District,46.04295,-118.67138
Walla Walla,Waitsburg City Hall,46.271509,-118.155195
Walla Walla,Walla Walla Fire Station No 2,46.07471,-118.30348
Walla Walla,Wallula - Fire Protection District No 5,46.0836293882239,-118.905037213603
Whatcom,Acme Elementary School,48.718494,-122.20915
Whatcom,Birch Bay,48.935706,-122.730664
Whatcom,Blaine Library,48.994974,-122.749562
Whatcom,Custer Elementary School,48.919613,-122.638157
Whatcom,Deming Library,48.824914,-122.214322
Whatcom,Everson WECU,48.920038,-122.341848
Whatcom,Kendall (North Fork Community Library),48.917424,-122.138474
Whatcom,Lummi Nation Admin Building,48.792103,-122.626534
Whatcom,Lynden Library,48.94522,-122.452473
Whatcom,Maple Falls,48.924329,-122.081996
Whatcom,Meridian (Laurel Grange),48.864728,-122.485379
Whatcom,Pioneer Pavilion Community Center,48.843515,-122.592008
Whatcom,Point Roberts,48.985462,-123.066256
Whatcom,Regal Barkley Village,48.770325,-122.446017
Whatcom,Sehome Village,48.732927,-122.47048
Whatcom,Sudden Valley,48.715334,-122.33143
Whatcom,Sumas,48.998953,-122.266005
Whatcom,Whatcom Community College,48.796258,-122.498622
Whatcom,Whatcom County Courthouse (Parking Lot),48.753281,-122.480247
Whatcom,Whatcom County Courthouse (Rotunda),48.7547760204851,-122.479942576111
Whatcom,WWU - Red Square,48.736499,-122.48559
Whatcom,WWU - Wade King,48.731288,-122.488517
Whitman,Alley behind Whitman County Elections Center,46.883059,-117.364009
Whitman,Garfield,47.009053,-117.141814
Whitman,In front of Oakesdale Library,47.1282131,-117.24257
Whitman,Paradise #1,46.728984,-117.180415
Whitman,Paradise #2,46.728984,-117.180415
Whitman,Rosauers Parking lot,46.739635,-117.173884
Whitman,St John,47.0920241,-117.5800064
Yakima,24 hour ballot return - East Martin Luther King Jr Blvd,46.6048,-120.505
Yakima,24 hour ballot return - S 8th St & Edison Ave (by Sunnyside Fire Department),46.3234,-120.01
Yakima,24 hour ballot return - Yakama Nation Main Agency Offices,46.3755,-120.34
Yakima,Grandview City Hall,46.2552,-119.904
Yakima,Granger City Hall,46.3416,-120.195
Yakima,Harrah Town Hall,46.4038,-120.544
Yakima,Mabton City Hall,46.213,-119.997
Yakima,Moxee City Hall,46.5565,-120.392
Yakima,Naches Town Hall,46.7311,-120.699
Yakima,Neighborhood Health Sunnyside,46.333218,-120.020686
Yakima,Parker,46.5017157,-120.4680149385
Yakima,PNWU,46.603955,-120.459246
Yakima,Selah City Hall,46.6543,-120.531
Yakima,Tieton City Hall,46.7028,-120.755
Yakima,Toppenish City Hall,46.3751,-120.311
Yakima,Union Gap City Hall,46.5575,-120.477
Yakima,Wapato,46.445699,-120.418117
Yakima,White Swan,46.383458,-120.730429
Yakima,Yakima County Courthouse Security Station,46.6044,-120.506
Yakima,Yakima County Election Office,46.6044,-120.506
Yakima,Zillah City Hall,46.4023,-120.262
